<?xml version="1.0" encoding="UTF-8"?>
<project-private xmlns="http://www.netbeans.org/ns/project-private/1">
    <editor-bookmarks xmlns="http://www.netbeans.org/ns/editor-bookmarks/2" lastBookmarkId="0"/>
    <open-files xmlns="http://www.netbeans.org/ns/projectui-open-files/2">
        <group>
            <file>file:/home/carlos/Desktop/proyecto-dsa/pjtAccesoDatos/src/modelo/Dominio/HibernateUtil.java</file>
            <file>file:/home/carlos/Desktop/proyecto-dsa/pjtAccesoDatos/src/hibernate.cfg.xml</file>
            <file>file:/home/carlos/Desktop/proyecto-dsa/pjtAccesoDatos/src/hibernate.reveng.xml</file>
            <file>file:/home/carlos/Desktop/proyecto-dsa/pjtAccesoDatos/src/modelo/Dal/DaoUsuario.java</file>
        </group>
    </open-files>
</project-private>
