<?xml version="1.0" encoding="UTF-8"?>
<project-private xmlns="http://www.netbeans.org/ns/project-private/1">
    <editor-bookmarks xmlns="http://www.netbeans.org/ns/editor-bookmarks/2" lastBookmarkId="0"/>
    <open-files xmlns="http://www.netbeans.org/ns/projectui-open-files/2">
        <group>
            <file>file:/home/carlos/Desktop/proyecto-dsa/wsServicios/web/index.html</file>
            <file>file:/home/carlos/Desktop/proyecto-dsa/wsServicios/web/test-resbeans.html</file>
            <file>file:/home/carlos/Desktop/proyecto-dsa/wsServicios/src/java/servicios/ApplicationConfig.java</file>
            <file>file:/home/carlos/Desktop/proyecto-dsa/wsServicios/src/java/servicios/LoginResource.java</file>
            <file>file:/home/carlos/Desktop/proyecto-dsa/wsServicios/src/conf/MANIFEST.MF</file>
        </group>
    </open-files>
</project-private>
